name_file	total_RMSD_python	heavy_RMSD_python	light_RMSD_python	REGION_python	region_RMSD_python	total_RMSD_pml	heavy_RMSD_pml	light_RMSD_pml	REGION_pml	DDG
1BJ1_HL_VW_NH31H	0.038	0.040	0.015	CDR-H1	0.032	0.025	0.010	0.010	0.024	-0,76
1MHP_HL_A_HL30K	0.371	0.195	0.355	CDR-L1	0.072	0.181	0.040	0.044	0.072	1,16
1MHP_HL_A_HL30R	0.114	0.052	0.150	CDR-L1	0.095	0.041	0.013	0.028	0.095	1,12
1MHP_HL_A_LL48K	0.316	0.131	0.323	CDR-L2	0.025	0.169	0.017	0.037	0.012	0,92
1MHP_HL_A_SL90R	0.229	0.136	0.196	CDR-L3	0.501	0.149	0.028	0.047	0.501	2,72
1VFB_AB_C_TA53R	0.050	0.034	0.050	CDR-L2	0.077	0.027	0.016	0.023	0.077	1,64
1VFB_AB_C_YA50K	0.202	0.114	0.251	CDR-L2	0.045	0.074	0.064	0.076	0.047	1,71
2BDN_HL_A_NL31K	0.234	0.275	0.155	CDR-L1	0.079	0.119	0.082	0.099	0.079	3,48
2BDN_HL_A_NL31R	0.187	0.172	0.152	CDR-L1	0.073	0.136	0.089	0.096	0.073	-0,91
3BN9_B_CD_PD104H	1.334	1.775	0.091	CDR-H3	4.052	0.189	0.098	0.065	4.052	2,42
